{
    "employees": [
        {
            "full_name": "\u0418\u0432\u0430\u043d \u0418\u0432\u0430\u043d\u043e\u0432",
            "position": "\u041f\u0440\u043e\u0434\u0430\u0432\u0435\u0446",
            "phone": "123456789",
            "email": "ivan@mail.com"
        }
    ],
    "books": [
        {
            "title": "Python \u0434\u043b\u044f \u0432\u0441\u0435\u0445",
            "year": 2022,
            "author": "\u0413\u0432\u0438\u0434\u043e \u0432\u0430\u043d \u0420\u043e\u0441\u0441\u0443\u043c",
            "genre": "\u041f\u0440\u043e\u0433\u0440\u0430\u043c\u043c\u0438\u0440\u043e\u0432\u0430\u043d\u0438\u0435",
            "cost_price": 500,
            "sale_price": 1000
        }
    ],
    "sales": [
        {
            "employee": "\u0418\u0432\u0430\u043d \u0418\u0432\u0430\u043d\u043e\u0432",
            "book": "Python \u0434\u043b\u044f \u0432\u0441\u0435\u0445",
            "sale_price": 950,
            "date": "2025-02-24 18:29:12"
        }
    ]
}